{
  "name": "TaskList",
  "version": "0.5.0",
  "title": "Task List",
  "description": "Keep track of your tasks / todos in a simple and unobtrusive interface.",
  "author": "raiguard",
  "contact": "https://github.com/raiguard/TaskList",
  "homepage": "https://github.com/raiguard/TaskList",
  "factorio_version": "2.0",
  "dependencies": [ "base >= 2.0.8", "flib >= 0.15.0" ],
  "package": {
    "ignore": ["crowdin.yml", "imgui.ini", "screenshots/*", "stylua.toml"],
    "scripts": {
      "prepublish": "factorio-crowdin-sync"
    },
    "sync_portal_details": true
  }
}
